,uri,city,lon,lat,dept,altname,dcode,is_pref,status
0,http://fr.dbpedia.org/resource/Aix-en-Provence,Aix-en-Provence,5.45402,43.5311,Bouches-du-Rhône,Bouches-du-Rhône,13,False,subpref
1,http://fr.dbpedia.org/resource/Reims,Reims,4.03472,49.2628,Marne (département),Marne,51,False,subpref
2,http://fr.dbpedia.org/resource/Bernay_(Eure),Bernay,0.599167,49.0894,Eure (département),Eure,27,False,subpref
3,http://fr.dbpedia.org/resource/Dijon,Dijon,5.04139,47.3217,Côte-d'Or,Côte-d’Or,21,True,pref
4,http://fr.dbpedia.org/resource/La_Châtre,La Châtre,1.9877799999999999,46.5831,Indre (département),Indre,36,False,subpref
5,http://fr.dbpedia.org/resource/Mulhouse,Mulhouse,7.3399399999999995,47.7495,Haut-Rhin,Haut-Rhin,68,False,subpref
6,http://fr.dbpedia.org/resource/Châlons-en-Champagne,Châlons-en-Champagne,4.365,48.9575,Marne (département),Marne,51,True,pref
7,http://fr.dbpedia.org/resource/Dreux,Dreux,1.36639,48.7372,Eure-et-Loir,Eure-et-Loir,28,False,subpref
8,http://fr.dbpedia.org/resource/Nanterre,Nanterre,2.19692,48.8988,Hauts-de-Seine,Hauts-de-Seine,92,True,pref
9,http://fr.dbpedia.org/resource/Argentan,Argentan,-0.020278,48.7444,Orne (département),Orne,61,False,subpref
10,http://fr.dbpedia.org/resource/Auch,Auch,0.5855,43.6465,Gers (département),Gers,32,True,pref
11,http://fr.dbpedia.org/resource/Aurillac,Aurillac,2.44056,44.9261,Cantal (département),Cantal,15,True,pref
12,http://fr.dbpedia.org/resource/Autun,Autun,4.29944,46.9517,Saône-et-Loire,Saône-et-Loire,71,False,subpref
13,http://fr.dbpedia.org/resource/Bagnères-de-Bigorre,Bagnères-de-Bigorre,0.1506,43.065,Hautes-Pyrénées,Hautes-Pyrénées,65,False,subpref
14,http://fr.dbpedia.org/resource/Bar-sur-Aube,Bar-sur-Aube,4.7076400000000005,48.2318,Aube (département),Aube,10,False,subpref
15,http://fr.dbpedia.org/resource/Calvi,Calvi,8.75694,42.5686,Haute-Corse,Haute-Corse,2B,False,subpref
16,http://fr.dbpedia.org/resource/Castelsarrasin,Castelsarrasin,1.10778,44.0408,Tarn-et-Garonne,Tarn-et-Garonne,82,False,subpref
17,http://fr.dbpedia.org/resource/Chaumont_(Haute-Marne),Chaumont,5.13889,48.1117,Haute-Marne,Haute-Marne,52,True,pref
18,http://fr.dbpedia.org/resource/Chinon,Chinon,0.24361100000000002,47.1678,Indre-et-Loire,Indre-et-Loire,37,False,subpref
19,http://fr.dbpedia.org/resource/Château-Gontier,Château-Gontier,-0.702778,47.8286,Mayenne (département),Mayenne,53,False,subpref
20,http://fr.dbpedia.org/resource/Châtellerault,Châtellerault,0.546111,46.8178,Vienne (département),Vienne,86,False,subpref
21,http://fr.dbpedia.org/resource/Condom_(Gers),Condom,0.373611,43.9583,Gers (département),Gers,32,False,subpref
22,http://fr.dbpedia.org/resource/Dax,Dax,-1.0553,43.7072,Landes (département),Landes,40,False,subpref
23,http://fr.dbpedia.org/resource/Dole_(Jura),Dole,5.49639,47.0917,Jura (département),Jura,39,False,subpref
24,http://fr.dbpedia.org/resource/Draguignan,Draguignan,6.46667,43.5403,Var (département),Var,83,False,subpref
25,http://fr.dbpedia.org/resource/Florac,Florac,3.5991699999999995,44.3272,Lozère (département),Lozère,48,False,subpref
26,http://fr.dbpedia.org/resource/Fontenay-le-Comte,Fontenay-le-Comte,-0.8060649999999999,46.466,Vendée (département),Vendée,85,False,subpref
27,http://fr.dbpedia.org/resource/Gap,Gap,6.07861,44.5594,Hautes-Alpes,Hautes-Alpes,05,True,pref
28,http://fr.dbpedia.org/resource/Guingamp,Guingamp,-3.15,48.5633,Côtes-d'Armor,Côtes-d'Armor,22,False,subpref
29,http://fr.dbpedia.org/resource/Issoire,Issoire,3.24972,45.545,Puy-de-Dôme,Puy-de-Dôme,63,False,subpref
30,http://fr.dbpedia.org/resource/Jonzac,Jonzac,-0.4336,45.4467,Charente-Maritime,Charente-Maritime,17,False,subpref
31,http://fr.dbpedia.org/resource/L'Haÿ-les-Roses,L'Haÿ-les-Roses,2.3363,48.7727,Val-de-Marne,Val-de-Marne,94,False,subpref
32,http://fr.dbpedia.org/resource/La_Flèche,La Flèche,-0.076111,47.6997,Sarthe (département),Sarthe,72,False,subpref
33,http://fr.dbpedia.org/resource/Largentière,Largentière,4.294169999999999,44.5436,Ardèche (département),Ardèche,07,False,subpref
34,http://fr.dbpedia.org/resource/Le_Raincy,Le Raincy,2.5167,48.9,Seine-Saint-Denis,Seine-Saint-Denis,93,False,subpref
35,http://fr.dbpedia.org/resource/Le_Vigan_(Gard),Le Vigan,3.6061,43.9931,Gard,Gard,30,False,subpref
36,http://fr.dbpedia.org/resource/Libourne,Libourne,-0.24277800000000002,44.9161,Gironde (département),Gironde,33,False,subpref
37,http://fr.dbpedia.org/resource/Mende_(Lozère),Mende,3.5013900000000002,44.5194,Lozère (département),Lozère,48,True,pref
38,http://fr.dbpedia.org/resource/Nogent-le-Rotrou,Nogent-le-Rotrou,0.8225,48.3225,Eure-et-Loir,Eure-et-Loir,28,False,subpref
39,http://fr.dbpedia.org/resource/Nogent-sur-Marne,Nogent-sur-Marne,2.48,48.83,Val-de-Marne,Val-de-Marne,94,False,subpref
40,http://fr.dbpedia.org/resource/Palaiseau,Palaiseau,2.24574,48.7145,Essonne (département),Essonne,91,False,subpref
41,http://fr.dbpedia.org/resource/Parthenay,Parthenay,-0.247694,46.6486,Deux-Sèvres,Deux-Sèvres,79,False,subpref
42,http://fr.dbpedia.org/resource/Pontarlier,Pontarlier,6.35555,46.9066,Doubs (département),Doubs,25,False,subpref
43,http://fr.dbpedia.org/resource/Pontoise,Pontoise,2.1017,49.0516,Val-d'Oise,Val-d’Oise,95,True,pref
44,http://fr.dbpedia.org/resource/Péronne_(Somme),Péronne,2.93722,49.9331,Somme (département),Somme,80,False,subpref
45,http://fr.dbpedia.org/resource/Rambouillet,Rambouillet,1.8256,48.6494,Yvelines,Yvelines,78,False,subpref
46,http://fr.dbpedia.org/resource/Romorantin-Lanthenay,Romorantin-Lanthenay,1.7436099999999999,47.3589,Loir-et-Cher,Loir-et-Cher,41,False,subpref
47,http://fr.dbpedia.org/resource/Saintes,Saintes,-0.6333,45.7464,Charente-Maritime,Charente-Maritime,17,False,subpref
48,http://fr.dbpedia.org/resource/Segré,Segré,-0.870833,47.6872,Maine-et-Loire,Maine-et-Loire,49,False,subpref
49,http://fr.dbpedia.org/resource/Sélestat,Sélestat,7.4541699999999995,48.2594,Bas-Rhin,Bas-Rhin,67,False,subpref
50,http://fr.dbpedia.org/resource/Thann,Thann,7.1052800000000005,47.8072,Haut-Rhin,Haut-Rhin,68,False,subpref
51,http://fr.dbpedia.org/resource/Villefranche-sur-Saône,Villefranche-sur-Saône,4.720280000000001,45.9903,Rhône (département),Rhône,69,False,subpref
52,http://fr.dbpedia.org/resource/Étampes,Étampes,2.16149,48.4343,Essonne (département),Essonne,91,False,subpref
53,http://fr.dbpedia.org/resource/Albi,Albi,2.1463900000000002,43.9289,Tarn (département),Tarn,81,True,pref
54,http://fr.dbpedia.org/resource/Ambert,Ambert,3.7425,45.5503,Puy-de-Dôme,Puy-de-Dôme,63,False,subpref
55,http://fr.dbpedia.org/resource/Ancenis,Ancenis,-1.18183,47.3734,Loire-Atlantique,Loire-Atlantique,44,False,subpref
56,http://fr.dbpedia.org/resource/Avallon,Avallon,3.9091699999999996,47.4908,Yonne (département),Yonne,89,False,subpref
57,http://fr.dbpedia.org/resource/Bobigny,Bobigny,2.4397,48.9106,Seine-Saint-Denis,Seine-Saint-Denis,93,True,pref
58,http://fr.dbpedia.org/resource/Bressuire,Bressuire,-0.48722200000000004,46.8408,Deux-Sèvres,Deux-Sèvres,79,False,subpref
59,http://fr.dbpedia.org/resource/Briançon,Briançon,6.635560000000001,44.8964,Hautes-Alpes,Hautes-Alpes,05,False,subpref
60,http://fr.dbpedia.org/resource/Brioude,Brioude,3.385,45.295,Haute-Loire,Haute-Loire,43,False,subpref
61,http://fr.dbpedia.org/resource/Cholet,Cholet,-0.878333,47.06,Maine-et-Loire,Maine-et-Loire,49,False,subpref
62,http://fr.dbpedia.org/resource/Clermont_(Oise),Clermont,2.4133299999999998,49.3797,Oise (département),Oise,60,False,subpref
63,http://fr.dbpedia.org/resource/Die_(Drôme),Die (Drôme),5.37028,44.7536,Drôme (département),Drôme,26,False,subpref
64,http://fr.dbpedia.org/resource/Guéret,Guéret,1.86917,46.1714,Creuse (département),Creuse,23,True,pref
65,http://fr.dbpedia.org/resource/Le_Puy-en-Velay,Le Puy-en-Velay,3.8858300000000003,45.0442,Haute-Loire,Haute-Loire,43,True,pref
66,http://fr.dbpedia.org/resource/Lons-le-Saunier,Lons-le-Saunier,5.5544400000000005,46.6753,Jura (département),Jura,39,True,pref
67,http://fr.dbpedia.org/resource/Mantes-la-Jolie,Mantes-la-Jolie,1.71722,48.9908,Yvelines,Yvelines,78,False,subpref
68,http://fr.dbpedia.org/resource/Mayenne_(Mayenne),Mayenne,-0.613611,48.3031,Mayenne (département),Mayenne,53,False,subpref
69,http://fr.dbpedia.org/resource/Molsheim,Molsheim,7.493060000000001,48.5436,Bas-Rhin,Bas-Rhin,67,False,subpref
70,http://fr.dbpedia.org/resource/Montargis,Montargis,2.73333,47.9978,Loiret (département),Loiret,45,False,subpref
71,http://fr.dbpedia.org/resource/Montbrison_(Loire),Montbrison,4.06583,45.6083,Loire (département),Loire,42,False,subpref
72,http://fr.dbpedia.org/resource/Montdidier_(Somme),Montdidier,2.5708,49.6486,Somme (département),Somme,80,False,subpref
73,http://fr.dbpedia.org/resource/Mâcon,Mâcon,4.83134,46.3063,Saône-et-Loire,Saône-et-Loire,71,True,pref
74,http://fr.dbpedia.org/resource/Pithiviers,Pithiviers,2.2525,48.1725,Loiret (département),Loiret,45,False,subpref
75,http://fr.dbpedia.org/resource/Privas,Privas,4.6,44.7358,Ardèche (département),Ardèche,07,True,pref
76,http://fr.dbpedia.org/resource/Riom,Riom,3.11333,45.8944,Puy-de-Dôme,Puy-de-Dôme,63,False,subpref
77,http://fr.dbpedia.org/resource/Rodez,Rodez,2.575,44.3506,Aveyron (département),Aveyron,12,True,pref
78,http://fr.dbpedia.org/resource/Saint-Amand-Montrond,Saint-Amand-Montrond,2.50556,46.7236,Cher (département),Cher,18,False,subpref
79,http://fr.dbpedia.org/resource/Sarcelles,Sarcelles,2.3833,49.0,Val-d'Oise,Val-d’Oise,95,False,subpref
80,http://fr.dbpedia.org/resource/Thiers_(Puy-de-Dôme),Thiers,3.5483300000000004,45.8572,Puy-de-Dôme,Puy-de-Dôme,63,False,subpref
81,http://fr.dbpedia.org/resource/Tulle,Tulle,1.76554,45.2673,Corrèze (département),Corrèze,19,True,pref
82,http://fr.dbpedia.org/resource/Vendôme,Vendôme,1.06639,47.7936,Loir-et-Cher,Loir-et-Cher,41,False,subpref
83,http://fr.dbpedia.org/resource/Yssingeaux,Yssingeaux,4.1244,45.1436,Haute-Loire,Haute-Loire,43,False,subpref
84,http://fr.dbpedia.org/resource/Évreux,Évreux,1.1489,49.0187,Eure (département),Eure,27,True,pref
85,http://fr.dbpedia.org/resource/Bellac,Bellac,1.0502799999999999,46.1231,Haute-Vienne,Haute-Vienne,87,False,subpref
86,http://fr.dbpedia.org/resource/Blaye,Blaye,-0.6611,45.1286,Gironde (département),Gironde,33,False,subpref
87,http://fr.dbpedia.org/resource/Charolles,Charolles,4.27528,46.4344,Saône-et-Loire,Saône-et-Loire,71,False,subpref
88,http://fr.dbpedia.org/resource/Clamecy_(Nièvre),Clamecy,3.52028,47.4608,Nièvre (département),Nièvre,58,False,subpref
89,http://fr.dbpedia.org/resource/Gourdon_(Lot),Gourdon,1.382,44.736999999999995,Lot (département),Lot,46,False,subpref
90,http://fr.dbpedia.org/resource/Issoudun,Issoudun,1.99436,46.9608,Indre (département),Indre,36,False,subpref
91,http://fr.dbpedia.org/resource/Nogent-sur-Seine,Nogent-sur-Seine,3.5033300000000005,48.4942,Aube (département),Aube,10,False,subpref
92,http://fr.dbpedia.org/resource/Vouziers,Vouziers,4.69833,49.3972,Ardennes (département),Ardennes,08,False,subpref
93,http://fr.dbpedia.org/resource/Le_Blanc_(Indre),Le Blanc,1.06361,46.6344,Indre (département),Indre,36,False,subpref
94,http://fr.dbpedia.org/resource/Lesparre-Médoc,Lesparre-Médoc,-0.9363889999999999,45.3078,Gironde (département),Gironde,33,False,subpref
95,http://fr.dbpedia.org/resource/Mortagne-au-Perche,Mortagne-au-Perche,0.547222,48.5203,Orne (département),Orne,61,False,subpref
96,http://fr.dbpedia.org/resource/Lyon,Lyon,4.842219999999999,45.7597,Rhône (département),Rhône,69,True,pref
97,http://fr.dbpedia.org/resource/Arras,Arras,2.78083,50.2897,Pas-de-Calais,Pas-de-Calais,62,True,pref
98,http://fr.dbpedia.org/resource/Brest,Brest,-4.4855599999999995,48.3908,Finistère,Finistère,29,False,subpref
99,http://fr.dbpedia.org/resource/Le_Mans,Le Mans,0.196944,48.0042,Sarthe (département),Sarthe,72,True,pref
100,http://fr.dbpedia.org/resource/Carpentras,Carpentras,5.04889,44.0558,Vaucluse (département),Vaucluse,84,False,subpref
101,http://fr.dbpedia.org/resource/Montpellier,Montpellier,3.87722,43.6119,Hérault (département),Hérault,34,True,pref
102,http://fr.dbpedia.org/resource/Muret_(Haute-Garonne),Muret,1.32667,43.4611,Haute-Garonne,Haute-Garonne,31,False,subpref
103,http://fr.dbpedia.org/resource/Roanne,Roanne,4.068890000000001,46.0367,Loire (département),Loire,42,False,subpref
104,http://fr.dbpedia.org/resource/Abbeville,Abbeville,1.83405,50.1058,Somme (département),Somme,80,False,subpref
105,http://fr.dbpedia.org/resource/Agen,Agen,0.621153,44.2049,Lot-et-Garonne,Lot-et-Garonne,47,True,pref
106,http://fr.dbpedia.org/resource/Albertville,Albertville,6.393330000000001,45.6767,Savoie (département),Savoie,73,False,subpref
107,http://fr.dbpedia.org/resource/Alençon,Alençon,0.09194400000000001,48.4297,Orne (département),Orne,61,True,pref
108,http://fr.dbpedia.org/resource/Alès,Alès,4.08167,44.1281,Gard,Gard,30,False,subpref
109,http://fr.dbpedia.org/resource/Amiens,Amiens,2.2957400000000003,49.8943,Somme (département),Somme,80,True,pref
110,http://fr.dbpedia.org/resource/Angers,Angers,-0.55416,47.4736,Maine-et-Loire,Maine-et-Loire,49,True,pref
111,http://fr.dbpedia.org/resource/Angoulême,Angoulême,0.1608,45.6489,Charente (département),Charente,16,True,pref
112,http://fr.dbpedia.org/resource/Arles,Arles,4.6278,43.6767,Bouches-du-Rhône,Bouches-du-Rhône,13,False,subpref
113,http://fr.dbpedia.org/resource/Auxerre,Auxerre,3.5672,47.7986,Yonne (département),Yonne,89,True,pref
114,http://fr.dbpedia.org/resource/Avesnes-sur-Helpe,Avesnes-sur-Helpe,3.93139,50.1219,Nord (département français),Nord,59,False,subpref
115,http://fr.dbpedia.org/resource/Avranches,Avranches,-1.35694,48.6844,Manche (département),Manche,50,False,subpref
116,http://fr.dbpedia.org/resource/Bar-le-Duc,Bar-le-Duc,5.16028,48.7719,Meuse (département),Meuse,55,True,pref
117,http://fr.dbpedia.org/resource/Bastia,Bastia,9.450280000000001,42.7008,Haute-Corse,Haute-Corse,2B,True,pref
118,http://fr.dbpedia.org/resource/Bayeux,Bayeux,-0.702778,49.2794,Calvados (département),Calvados,14,False,subpref
119,http://fr.dbpedia.org/resource/Bayonne,Bayonne,-1.475,43.4936,Pyrénées-Atlantiques,Pyrénées-Atlantiques,64,False,subpref
120,http://fr.dbpedia.org/resource/Beauvais,Beauvais,2.0952,49.4303,Oise (département),Oise,60,True,pref
121,http://fr.dbpedia.org/resource/Belley,Belley,5.68644,45.7595,Ain (département),Ain,01,False,subpref
122,http://fr.dbpedia.org/resource/Bergerac_(Dordogne),Bergerac,0.483055,44.8519,Dordogne (département),Dordogne,24,False,subpref
123,http://fr.dbpedia.org/resource/Besançon,Besançon,6.02194,47.2431,Doubs (département),Doubs,25,True,pref
124,http://fr.dbpedia.org/resource/Blois,Blois,1.32806,47.5939,Loir-et-Cher,Loir-et-Cher,41,True,pref
125,http://fr.dbpedia.org/resource/Bonneville_(Haute-Savoie),Bonneville,6.40139,46.0797,Haute-Savoie,Haute-Savoie,74,False,subpref
126,http://fr.dbpedia.org/resource/Boulay-Moselle,Boulay-Moselle,6.4941699999999996,49.1842,Moselle (département),Moselle,57,False,subpref
127,http://fr.dbpedia.org/resource/Boulogne-Billancourt,Boulogne-Billancourt,2.24095,48.8352,Hauts-de-Seine,Hauts-de-Seine,92,False,subpref
128,http://fr.dbpedia.org/resource/Boulogne-sur-Mer,Boulogne-sur-Mer,1.6147,50.7264,Pas-de-Calais,Pas-de-Calais,62,False,subpref
129,http://fr.dbpedia.org/resource/Bourg-en-Bresse,Bourg-en-Bresse,5.22889,46.2056,Ain (département),Ain,01,True,pref
130,http://fr.dbpedia.org/resource/Bourges,Bourges,2.3963900000000002,47.0844,Cher (département),Cher,18,True,pref
131,http://fr.dbpedia.org/resource/Briey_(Meurthe-et-Moselle),Briey,5.9402800000000004,49.2494,Meurthe-et-Moselle,Meurthe-et-Moselle,54,False,subpref
132,http://fr.dbpedia.org/resource/Brignoles,Brignoles,6.06155,43.4058,Var (département),Var,83,False,subpref
133,http://fr.dbpedia.org/resource/Brive-la-Gaillarde,Brive-la-Gaillarde,1.5320799999999999,45.1583,Corrèze (département),Corrèze,19,False,subpref
134,http://fr.dbpedia.org/resource/Béthune,Béthune,2.6408,50.5302,Pas-de-Calais,Pas-de-Calais,62,False,subpref
135,http://fr.dbpedia.org/resource/Béziers,Béziers,3.2189900000000002,43.3476,Hérault (département),Hérault,34,False,subpref
136,http://fr.dbpedia.org/resource/Caen,Caen,-0.370556,49.1822,Calvados (département),Calvados,14,True,pref
137,http://fr.dbpedia.org/resource/Cahors,Cahors,1.44139,44.4483,Lot (département),Lot,46,True,pref
138,http://fr.dbpedia.org/resource/Calais,Calais,1.8563900000000002,50.9481,Pas-de-Calais,Pas-de-Calais,62,False,subpref
139,http://fr.dbpedia.org/resource/Cambrai,Cambrai,3.23556,50.1767,Nord (département français),Nord,59,False,subpref
140,http://fr.dbpedia.org/resource/Carcassonne,Carcassonne,2.35203,43.2131,Aude (département),Aude,11,True,pref
141,http://fr.dbpedia.org/resource/Castres,Castres,2.2409,43.6053,Tarn (département),Tarn,81,False,subpref
142,http://fr.dbpedia.org/resource/Chalon-sur-Saône,Chalon-sur-Saône,4.85278,46.7806,Saône-et-Loire,Saône-et-Loire,71,False,subpref
143,http://fr.dbpedia.org/resource/Chambéry,Chambéry,5.9118,45.57,Savoie (département),Savoie,73,True,pref
144,http://fr.dbpedia.org/resource/Charleville-Mézières,Charleville-Mézières,4.71612,49.7719,Ardennes (département),Ardennes,08,True,pref
145,http://fr.dbpedia.org/resource/Chartres,Chartres,1.4841799999999998,48.4558,Eure-et-Loir,Eure-et-Loir,28,True,pref
146,http://fr.dbpedia.org/resource/Cherbourg-Octeville,Cherbourg-Octeville,-1.625,49.6389,Manche (département),Manche,50,False,subpref
147,http://fr.dbpedia.org/resource/Château-Chinon_(Ville),Château-Chinon,3.93444,47.065,Nièvre (département),Nièvre,58,False,subpref
148,http://fr.dbpedia.org/resource/Château-Salins,Château-Salins,6.50861,48.8225,Moselle (département),Moselle,57,False,subpref
149,http://fr.dbpedia.org/resource/Château-Thierry,Château-Thierry,3.4,49.04,Aisne (département),Aisne,02,False,subpref
150,http://fr.dbpedia.org/resource/Châteaulin,Châteaulin,-4.08861,48.1975,Finistère,Finistère,29,False,subpref
151,http://fr.dbpedia.org/resource/Châteauroux,Châteauroux,1.69111,46.8103,Indre (département),Indre,36,True,pref
152,http://fr.dbpedia.org/resource/Clermont-Ferrand,Clermont-Ferrand,3.08235,45.7831,Puy-de-Dôme,Puy-de-Dôme,63,True,pref
153,http://fr.dbpedia.org/resource/Cognac_(Charente),Cognac,-0.3292,45.6958,Charente (département),Charente,16,False,subpref
154,http://fr.dbpedia.org/resource/Colmar,Colmar,7.3555600000000005,48.0817,Haut-Rhin,Haut-Rhin,68,True,pref
155,http://fr.dbpedia.org/resource/Commercy,Commercy,5.59264,48.7619,Meuse (département),Meuse,55,False,subpref
156,http://fr.dbpedia.org/resource/Compiègne,Compiègne,2.82306,49.4149,Oise (département),Oise,60,False,subpref
157,http://fr.dbpedia.org/resource/Coutances,Coutances,-1.44528,49.0453,Manche (département),Manche,50,False,subpref
158,http://fr.dbpedia.org/resource/Créteil,Créteil,2.46278,48.7911,Val-de-Marne,Val-de-Marne,94,True,pref
159,http://fr.dbpedia.org/resource/Dieppe_(Seine-Maritime),Dieppe,1.07861,49.9222,Seine-Maritime,Seine-Maritime,76,False,subpref
160,http://fr.dbpedia.org/resource/Douai,Douai,3.08,50.3714,Nord (département français),Nord,59,False,subpref
161,http://fr.dbpedia.org/resource/Dunkerque,Dunkerque,2.3775,51.0383,Nord (département français),Nord,59,False,subpref
162,http://fr.dbpedia.org/resource/Figeac,Figeac,2.03167,44.6086,Lot (département),Lot,46,False,subpref
163,http://fr.dbpedia.org/resource/Fontainebleau,Fontainebleau,2.7025,48.4097,Seine-et-Marne,Seine-et-Marne,77,False,subpref
164,http://fr.dbpedia.org/resource/Forbach,Forbach,6.90083,49.1889,Moselle (département),Moselle,57,False,subpref
165,http://fr.dbpedia.org/resource/Gex,Gex,6.05778,46.3333,Ain (département),Ain,01,False,subpref
166,http://fr.dbpedia.org/resource/Grenoble,Grenoble,5.72694,45.1878,Isère (département),Isère,38,True,pref
167,http://fr.dbpedia.org/resource/Haguenau,Haguenau,7.78861,48.8172,Bas-Rhin,Bas-Rhin,67,False,subpref
168,http://fr.dbpedia.org/resource/La_Roche-sur-Yon,La Roche-sur-Yon,-1.41872,46.6694,Vendée (département),Vendée,85,True,pref
169,http://fr.dbpedia.org/resource/La_Rochelle,La Rochelle,-1.14996,46.16,Charente-Maritime,Charente-Maritime,17,True,pref
170,http://fr.dbpedia.org/resource/Langres,Langres,5.33389,47.8533,Haute-Marne,Haute-Marne,52,False,subpref
171,http://fr.dbpedia.org/resource/Lannion,Lannion,-3.4541699999999995,48.7333,Côtes-d'Armor,Côtes-d'Armor,22,False,subpref
172,http://fr.dbpedia.org/resource/Laon,Laon,3.6244400000000003,49.5639,Aisne (département),Aisne,02,True,pref
173,http://fr.dbpedia.org/resource/Laval_(Mayenne),Laval,-0.77,48.0728,Mayenne (département),Mayenne,53,True,pref
174,http://fr.dbpedia.org/resource/Lens_(Pas-de-Calais),Lens,2.83333,50.4322,Pas-de-Calais,Pas-de-Calais,62,False,subpref
175,http://fr.dbpedia.org/resource/Les_Andelys,Les Andelys,1.4125,49.2461,Eure (département),Eure,27,False,subpref
176,http://fr.dbpedia.org/resource/Les_Sables-d'Olonne,Les Sables-d'Olonne,-1.7833299999999999,46.4972,Vendée (département),Vendée,85,False,subpref
177,http://fr.dbpedia.org/resource/Lille,Lille,3.06333,50.6372,Nord (département français),Nord,59,True,pref
178,http://fr.dbpedia.org/resource/Limoges,Limoges,1.25,45.85,Haute-Vienne,Haute-Vienne,87,True,pref
179,http://fr.dbpedia.org/resource/Lisieux,Lisieux,0.225556,49.1456,Calvados (département),Calvados,14,False,subpref
180,http://fr.dbpedia.org/resource/Loches,Loches,0.9961110000000001,47.1292,Indre-et-Loire,Indre-et-Loire,37,False,subpref
181,http://fr.dbpedia.org/resource/Lorient,Lorient,-3.3643099999999997,47.7358,Morbihan,Morbihan,56,False,subpref
182,http://fr.dbpedia.org/resource/Lorient,Lorient,3.3658300000000003,47.7601,Morbihan,Morbihan,56,False,subpref
183,http://fr.dbpedia.org/resource/Lunéville,Lunéville,6.50167,48.5894,Meurthe-et-Moselle,Meurthe-et-Moselle,54,False,subpref
184,http://fr.dbpedia.org/resource/Marseille,Marseille,5.36989,43.2963,Bouches-du-Rhône,Bouches-du-Rhône,13,True,pref
185,http://fr.dbpedia.org/resource/Meaux,Meaux,2.88833,48.9603,Seine-et-Marne,Seine-et-Marne,77,False,subpref
186,http://fr.dbpedia.org/resource/Melun,Melun,2.66,48.5406,Seine-et-Marne,Seine-et-Marne,77,True,pref
187,http://fr.dbpedia.org/resource/Metz,Metz,6.1778,49.1203,Moselle (département),Moselle,57,True,pref
188,http://fr.dbpedia.org/resource/Millau,Millau,3.07833,44.0986,Aveyron (département),Aveyron,12,False,subpref
189,http://fr.dbpedia.org/resource/Mont-de-Marsan,Mont-de-Marsan,-0.49944399999999994,43.8914,Landes (département),Landes,40,True,pref
190,http://fr.dbpedia.org/resource/Montauban,Montauban,1.3558299999999999,44.0181,Tarn-et-Garonne,Tarn-et-Garonne,82,True,pref
191,http://fr.dbpedia.org/resource/Montbéliard,Montbéliard,6.7988800000000005,47.5103,Doubs (département),Doubs,25,False,subpref
192,http://fr.dbpedia.org/resource/Morlaix,Morlaix,-3.8266699999999996,48.5783,Finistère,Finistère,29,False,subpref
193,http://fr.dbpedia.org/resource/Moulins_(Allier),Moulins,3.33333,46.5653,Allier (département),Allier,03,True,pref
194,http://fr.dbpedia.org/resource/Nancy,Nancy,6.1846,48.6936,Meurthe-et-Moselle,Meurthe-et-Moselle,54,True,pref
195,http://fr.dbpedia.org/resource/Nantua,Nantua,5.6078,46.1519,Ain (département),Ain,01,False,subpref
196,http://fr.dbpedia.org/resource/Narbonne,Narbonne,3.0042,43.1836,Aude (département),Aude,11,False,subpref
197,http://fr.dbpedia.org/resource/Nevers,Nevers,3.16166,46.9929,Nièvre (département),Nièvre,58,True,pref
198,http://fr.dbpedia.org/resource/Nontron,Nontron,0.661944,45.5294,Dordogne (département),Dordogne,24,False,subpref
199,http://fr.dbpedia.org/resource/Nîmes,Nîmes,4.36083,43.8378,Gard,Gard,30,True,pref
200,http://fr.dbpedia.org/resource/Oloron-Sainte-Marie,Oloron-Sainte-Marie,-0.6055560000000001,43.1947,Pyrénées-Atlantiques,Pyrénées-Atlantiques,64,False,subpref
201,http://fr.dbpedia.org/resource/Orléans,Orléans,1.909,47.9025,Loiret (département),Loiret,45,True,pref
202,http://fr.dbpedia.org/resource/Pau,Pau,-0.3686,43.3017,Pyrénées-Atlantiques,Pyrénées-Atlantiques,64,True,pref
203,http://fr.dbpedia.org/resource/Poitiers,Poitiers,0.33611199999999997,46.5819,Vienne (département),Vienne,86,True,pref
204,http://fr.dbpedia.org/resource/Prades_(Pyrénées-Orientales),Prades,2.42278,42.6181,Pyrénées-Orientales,Pyrénées-Orientales,66,False,subpref
205,http://fr.dbpedia.org/resource/Provins,Provins,3.2989900000000003,48.5604,Seine-et-Marne,Seine-et-Marne,77,False,subpref
206,http://fr.dbpedia.org/resource/Périgueux,Périgueux,0.7189,45.185,Dordogne (département),Dordogne,24,True,pref
207,http://fr.dbpedia.org/resource/Quimper,Quimper,-4.09639,47.9967,Finistère,Finistère,29,True,pref
208,http://fr.dbpedia.org/resource/Saint-Brieuc,Saint-Brieuc,-2.7652799999999997,48.5136,Côtes-d'Armor,Côtes-d'Armor,22,True,pref
209,http://fr.dbpedia.org/resource/Saint-Denis_(Seine-Saint-Denis),Saint-Denis,2.35472,48.9364,Seine-Saint-Denis,Seine-Saint-Denis,93,False,subpref
210,http://fr.dbpedia.org/resource/Saint-Dizier,Saint-Dizier,4.952459999999999,48.6393,Haute-Marne,Haute-Marne,52,False,subpref
211,http://fr.dbpedia.org/resource/Saint-Dié-des-Vosges,Saint-Dié-des-Vosges,6.95,48.285,Vosges (département),Vosges,88,False,subpref
212,http://fr.dbpedia.org/resource/Saint-Gaudens,Saint-Gaudens,0.724167,43.1089,Haute-Garonne,Haute-Garonne,31,False,subpref
213,http://fr.dbpedia.org/resource/Saint-Germain-en-Laye,Saint-Germain-en-Laye,2.0938,48.8989,Yvelines,Yvelines,78,False,subpref
214,http://fr.dbpedia.org/resource/Saint-Jean-d'Angély,Saint-Jean-d'Angély,-0.5294,45.9466,Charente-Maritime,Charente-Maritime,17,False,subpref
215,http://fr.dbpedia.org/resource/Saint-Jean-de-Maurienne,Saint-Jean-de-Maurienne,6.34844,45.2729,Savoie (département),Savoie,73,False,subpref
216,http://fr.dbpedia.org/resource/Saint-Lô,Saint-Lô,-1.0916700000000001,49.1144,Manche (département),Manche,50,True,pref
217,http://fr.dbpedia.org/resource/Saint-Malo,Saint-Malo,-2.0075,48.6481,Ille-et-Vilaine,Ille-et-Vilaine,35,False,subpref
218,http://fr.dbpedia.org/resource/Saint-Nazaire,Saint-Nazaire,-2.2086099999999997,47.2806,Loire-Atlantique,Loire-Atlantique,44,False,subpref
219,http://fr.dbpedia.org/resource/Saint-Omer_(Pas-de-Calais),Saint-Omer,2.26167,50.7461,Pas-de-Calais,Pas-de-Calais,62,False,subpref
220,http://fr.dbpedia.org/resource/Saint-Quentin,Saint-Quentin,3.2863900000000004,49.8486,Aisne (département),Aisne,02,False,subpref
221,http://fr.dbpedia.org/resource/Saint-Étienne,Saint-Étienne,4.390280000000001,45.4347,Loire (département),Loire,42,True,pref
222,http://fr.dbpedia.org/resource/Sarlat-la-Canéda,Sarlat-la-Canéda,1.21528,44.8928,Dordogne (département),Dordogne,24,False,subpref
223,http://fr.dbpedia.org/resource/Sarrebourg,Sarrebourg,7.05444,48.7353,Moselle (département),Moselle,57,False,subpref
224,http://fr.dbpedia.org/resource/Sarreguemines,Sarreguemines,7.068060000000001,49.1111,Moselle (département),Moselle,57,False,subpref
225,http://fr.dbpedia.org/resource/Soissons,Soissons,3.32361,49.3817,Aisne (département),Aisne,02,False,subpref
226,http://fr.dbpedia.org/resource/Strasbourg,Strasbourg,7.75235,48.5734,Bas-Rhin,Bas-Rhin,67,True,pref
227,http://fr.dbpedia.org/resource/Tarbes,Tarbes,0.0726,43.2307,Hautes-Pyrénées,Hautes-Pyrénées,65,True,pref
228,http://fr.dbpedia.org/resource/Thionville,Thionville,6.169169999999999,49.3589,Moselle (département),Moselle,57,False,subpref
229,http://fr.dbpedia.org/resource/Torcy_(Seine-et-Marne),Torcy,2.6508,48.8502,Seine-et-Marne,Seine-et-Marne,77,False,subpref
230,http://fr.dbpedia.org/resource/Toul,Toul,5.8916699999999995,48.675,Meurthe-et-Moselle,Meurthe-et-Moselle,54,False,subpref
231,http://fr.dbpedia.org/resource/Toulon,Toulon,5.93,43.1222,Var (département),Var,83,True,pref
232,http://fr.dbpedia.org/resource/Toulouse,Toulouse,1.4439600000000001,43.6045,Haute-Garonne,Haute-Garonne,31,True,pref
233,http://fr.dbpedia.org/resource/Tournon-sur-Rhône,Tournon-sur-Rhône,4.83333,45.0681,Ardèche (département),Ardèche,07,False,subpref
234,http://fr.dbpedia.org/resource/Tours,Tours,0.689167,47.3936,Indre-et-Loire,Indre-et-Loire,37,True,pref
235,http://fr.dbpedia.org/resource/Troyes,Troyes,4.07426,48.2974,Aube (département),Aube,10,True,pref
236,http://fr.dbpedia.org/resource/Valence_(Drôme),Valence,4.8916699999999995,44.9333,Drôme (département),Drôme,26,True,pref
237,http://fr.dbpedia.org/resource/Valenciennes,Valenciennes,3.52333,50.3581,Nord (département français),Nord,59,False,subpref
238,http://fr.dbpedia.org/resource/Vannes,Vannes,-2.7603,47.6559,Morbihan,Morbihan,56,True,pref
239,http://fr.dbpedia.org/resource/Versailles,Versailles,2.135,48.8053,Yvelines,Yvelines,78,True,pref
240,http://fr.dbpedia.org/resource/Vesoul,Vesoul,6.15583,47.6231,Haute-Saône,Haute-Saône,70,True,pref
241,http://fr.dbpedia.org/resource/Vichy,Vichy,3.4266699999999997,46.1278,Allier (département),Allier,03,False,subpref
242,http://fr.dbpedia.org/resource/Vienne_(Isère),Vienne,4.8758,45.5253,Isère (département),Isère,38,False,subpref
243,http://fr.dbpedia.org/resource/Vierzon,Vierzon,2.06944,47.2225,Cher (département),Cher,18,False,subpref
244,http://fr.dbpedia.org/resource/Villefranche-de-Rouergue,Villefranche-de-Rouergue,2.035,44.3533,Aveyron (département),Aveyron,12,False,subpref
245,http://fr.dbpedia.org/resource/Vire,Vire,-0.889167,48.8386,Calvados (département),Calvados,14,False,subpref
246,http://fr.dbpedia.org/resource/Vitry-le-François,Vitry-le-François,4.58528,48.7256,Marne (département),Marne,51,False,subpref
247,http://fr.dbpedia.org/resource/Wissembourg,Wissembourg,7.94694,49.0383,Bas-Rhin,Bas-Rhin,67,False,subpref
248,http://fr.dbpedia.org/resource/Épernay,Épernay,3.96,49.0403,Marne (département),Marne,51,False,subpref
249,http://fr.dbpedia.org/resource/Épinal,Épinal,6.4512,48.1744,Vosges (département),Vosges,88,True,pref
250,http://fr.dbpedia.org/resource/Argenteuil_(Val-d'Oise),Argenteuil,2.25,48.95,Val-d'Oise,Val-d’Oise,95,False,subpref
251,http://fr.dbpedia.org/resource/Aubusson_(Creuse),Aubusson,2.16833,45.9569,Creuse (département),Creuse,23,False,subpref
252,http://fr.dbpedia.org/resource/Beaune,Beaune,4.83972,47.025,Côte-d'Or,Côte-d’Or,21,False,subpref
253,http://fr.dbpedia.org/resource/Châteaudun,Châteaudun,1.33867,48.0717,Eure-et-Loir,Eure-et-Loir,28,False,subpref
254,http://fr.dbpedia.org/resource/Corte,Corte,9.15139,42.3064,Haute-Corse,Haute-Corse,2B,False,subpref
255,http://fr.dbpedia.org/resource/Digne-les-Bains,Digne-les-Bains,6.23639,44.0933,Alpes-de-Haute-Provence,Alpes-de-Haute-Provence,04,True,pref
256,http://fr.dbpedia.org/resource/Dinan,Dinan,-2.04889,48.4564,Côtes-d'Armor,Côtes-d'Armor,22,False,subpref
257,http://fr.dbpedia.org/resource/Fougères,Fougères,-1.19861,48.3525,Ille-et-Vilaine,Ille-et-Vilaine,35,False,subpref
258,http://fr.dbpedia.org/resource/La_Tour-du-Pin,La Tour-du-Pin,5.44444,45.565,Isère (département),Isère,38,False,subpref
259,http://fr.dbpedia.org/resource/Lodève,Lodève,3.31731,43.7325,Hérault (département),Hérault,34,False,subpref
260,http://fr.dbpedia.org/resource/Mamers,Mamers,0.367778,48.3517,Sarthe (département),Sarthe,72,False,subpref
261,http://fr.dbpedia.org/resource/Marmande,Marmande,0.161705,44.51,Lot-et-Garonne,Lot-et-Garonne,47,False,subpref
262,http://fr.dbpedia.org/resource/Montbard,Montbard,4.33778,47.6236,Côte-d'Or,Côte-d’Or,21,False,subpref
263,http://fr.dbpedia.org/resource/Montluçon,Montluçon,2.60333,46.3408,Allier (département),Allier,03,False,subpref
264,http://fr.dbpedia.org/resource/Montmorillon,Montmorillon,0.8717,46.4269,Vienne (département),Vienne,86,False,subpref
265,http://fr.dbpedia.org/resource/Nyons,Nyons,5.13972,44.3603,Drôme (département),Drôme,26,False,subpref
266,http://fr.dbpedia.org/resource/Nérac,Nérac,0.345039,44.148,Lot-et-Garonne,Lot-et-Garonne,47,False,subpref
267,http://fr.dbpedia.org/resource/Redon,Redon,-2.0836099999999997,47.6522,Ille-et-Vilaine,Ille-et-Vilaine,35,False,subpref
268,http://fr.dbpedia.org/resource/Rethel,Rethel,4.3667,49.5106,Ardennes (département),Ardennes,08,False,subpref
269,http://fr.dbpedia.org/resource/Saint-Flour_(Cantal),Saint-Flour,3.09361,45.0344,Cantal (département),Cantal,15,False,subpref
270,http://fr.dbpedia.org/resource/Sainte-Menehould,Sainte-Menehould,4.89806,49.0908,Marne (département),Marne,51,False,subpref
271,http://fr.dbpedia.org/resource/Sartène,Sartène,8.974169999999999,41.6217,Corse-du-Sud,Corse-du-Sud,2A,False,subpref
272,http://fr.dbpedia.org/resource/Saverne,Saverne,7.36278,48.7422,Bas-Rhin,Bas-Rhin,67,False,subpref
273,http://fr.dbpedia.org/resource/Ussel_(Corrèze),Ussel,2.31,45.5489,Corrèze (département),Corrèze,19,False,subpref
274,http://fr.dbpedia.org/resource/Vervins,Vervins,3.91,49.8358,Aisne (département),Aisne,02,False,subpref
275,http://fr.dbpedia.org/resource/Villeneuve-sur-Lot,Villeneuve-sur-Lot,0.705,44.4081,Lot-et-Garonne,Lot-et-Garonne,47,False,subpref
276,http://fr.dbpedia.org/resource/Barcelonnette,Barcelonnette,6.653060000000001,44.3867,Alpes-de-Haute-Provence,Alpes-de-Haute-Provence,04,False,subpref
277,http://fr.dbpedia.org/resource/Castellane,Castellane,6.51389,43.8475,Alpes-de-Haute-Provence,Alpes-de-Haute-Provence,04,False,subpref
278,http://fr.dbpedia.org/resource/Istres,Istres,4.9895,43.5151,Bouches-du-Rhône,Bouches-du-Rhône,13,False,subpref
279,http://fr.dbpedia.org/resource/Limoux,Limoux,2.21917,43.0578,Aude (département),Aude,11,False,subpref
280,http://fr.dbpedia.org/resource/Louhans,Louhans,5.22426,46.6287,Saône-et-Loire,Saône-et-Loire,71,False,subpref
281,http://fr.dbpedia.org/resource/Mauriac_(Cantal),Mauriac,2.3342,45.2197,Cantal (département),Cantal,15,False,subpref
282,http://fr.dbpedia.org/resource/Pamiers,Pamiers,1.6116700000000002,43.1175,Ariège (département),Ariège,09,False,subpref
283,http://fr.dbpedia.org/resource/Saint-Girons_(Ariège),Saint-Girons,1.14667,42.9858,Ariège (département),Ariège,09,False,subpref
284,http://fr.dbpedia.org/resource/Avignon,Avignon,4.817,43.95,Vaucluse (département),Vaucluse,84,True,pref
285,http://fr.dbpedia.org/resource/Foix,Foix,1.6077700000000001,42.9664,Ariège (département),Ariège,09,True,pref
286,http://fr.dbpedia.org/resource/Châteaubriant,Châteaubriant,-1.375,47.7178,Loire-Atlantique,Loire-Atlantique,44,False,subpref
287,http://fr.dbpedia.org/resource/Confolens,Confolens,0.6733,46.0144,Charente (département),Charente,16,False,subpref
288,http://fr.dbpedia.org/resource/Nice,Nice,7.27141,43.6959,Alpes-Maritimes,Alpes-Maritimes,06,True,pref
289,http://fr.dbpedia.org/resource/Nantes,Nantes,-1.5527799999999998,47.2181,Loire-Atlantique,Loire-Atlantique,44,True,pref
290,http://fr.dbpedia.org/resource/Sedan,Sedan,4.94111,49.7025,Ardennes (département),Ardennes,08,False,subpref
291,http://fr.dbpedia.org/resource/Ajaccio,Ajaccio,8.736939999999999,41.9267,Corse-du-Sud,Corse-du-Sud,2A,True,pref
292,http://fr.dbpedia.org/resource/Forcalquier,Forcalquier,5.7805599999999995,43.96,Alpes-de-Haute-Provence,Alpes-de-Haute-Provence,04,False,subpref
293,http://fr.dbpedia.org/resource/Niort,Niort,-0.460556,46.3258,Deux-Sèvres,Deux-Sèvres,79,True,pref
294,http://fr.dbpedia.org/resource/Senlis_(Oise),Senlis,2.5875,49.2081,Oise (département),Oise,60,False,subpref
295,http://fr.dbpedia.org/resource/Le_Havre,Le Havre,0.1,49.49,Seine-Maritime,Seine-Maritime,76,False,subpref
296,http://fr.dbpedia.org/resource/Argelès-Gazost,Argelès-Gazost,-0.0975,43.0036,Hautes-Pyrénées,Hautes-Pyrénées,65,False,subpref
297,http://fr.dbpedia.org/resource/Cosne-Cours-sur-Loire,Cosne-Cours-sur-Loire,2.9275,47.4122,Nièvre (département),Nièvre,58,False,subpref
298,http://fr.dbpedia.org/resource/Langon_(Gironde),Langon,-0.248333,44.5539,Gironde (département),Gironde,33,False,subpref
299,http://fr.dbpedia.org/resource/Mirande,Mirande,0.4,43.52,Gers (département),Gers,32,False,subpref
300,http://fr.dbpedia.org/resource/Saint-Claude_(Jura),Saint-Claude,5.8638900000000005,46.3878,Jura (département),Jura,39,False,subpref
301,http://fr.dbpedia.org/resource/Arcachon,Arcachon,-1.16919,44.6528,Gironde (département),Gironde,33,False,subpref
302,http://fr.dbpedia.org/resource/Lure,Lure,6.4975,47.6836,Haute-Saône,Haute-Saône,70,False,subpref
303,http://fr.dbpedia.org/resource/Rochechouart_(Haute-Vienne),Rochechouart,0.8217,45.8239,Haute-Vienne,Haute-Vienne,87,False,subpref
304,http://fr.dbpedia.org/resource/Rochefort_(Charente-Maritime),Rochefort,-0.958786,45.9421,Charente-Maritime,Charente-Maritime,17,False,subpref
305,http://fr.dbpedia.org/resource/Altkirch,Altkirch,7.24028,47.6239,Haut-Rhin,Haut-Rhin,68,False,subpref
306,http://fr.dbpedia.org/resource/Montreuil_(Pas-de-Calais),Montreuil,1.7630000000000001,50.4648,Pas-de-Calais,Pas-de-Calais,62,False,subpref
307,http://fr.dbpedia.org/resource/Neufchâteau_(Vosges),Neufchâteau,5.69639,48.3564,Vosges (département),Vosges,88,False,subpref
308,http://fr.dbpedia.org/resource/Saumur,Saumur,-0.07694400000000001,47.26,Maine-et-Loire,Maine-et-Loire,49,False,subpref
309,http://fr.dbpedia.org/resource/Bordeaux,Bordeaux,-0.579541,44.8379,Gironde (département),Gironde,33,True,pref
310,http://fr.dbpedia.org/resource/Céret,Céret,2.75222,42.4892,Pyrénées-Orientales,Pyrénées-Orientales,66,False,subpref
311,http://fr.dbpedia.org/resource/Perpignan,Perpignan,2.8955599999999997,42.6986,Pyrénées-Orientales,Pyrénées-Orientales,66,True,pref
312,http://fr.dbpedia.org/resource/Pontivy,Pontivy,-2.98,48.07,Morbihan,Morbihan,56,False,subpref
313,http://fr.dbpedia.org/resource/Rennes,Rennes,-1.67944,48.1147,Ille-et-Vilaine,Ille-et-Vilaine,35,True,pref
314,http://fr.dbpedia.org/resource/Rouen,Rouen,1.0999700000000001,49.4432,Seine-Maritime,Seine-Maritime,76,True,pref
315,http://fr.dbpedia.org/resource/Annecy,Annecy,6.132999999999999,45.916000000000004,Haute-Savoie,Haute-Savoie,74,True,pref
316,http://fr.dbpedia.org/resource/Belfort,Belfort,6.8628100000000005,47.6379,Territoire de Belfort,Territoire de Belfort,90,True,pref
317,http://fr.dbpedia.org/resource/Grasse,Grasse,6.9167,43.6667,Alpes-Maritimes,Alpes-Maritimes,06,False,subpref
318,http://fr.dbpedia.org/resource/Sens_(Yonne),Sens,3.2826,48.1978,Yonne (département),Yonne,89,False,subpref
319,http://fr.dbpedia.org/resource/Thonon-les-Bains,Thonon-les-Bains,6.475,46.3627,Haute-Savoie,Haute-Savoie,74,False,subpref
320,http://fr.dbpedia.org/resource/Saint-Julien-en-Genevois,Saint-Julien-en-Genevois,6.0794,46.1436,Haute-Savoie,Haute-Savoie,74,False,subpref
